tile times,mean total time
"[63.41, 54.53, 54.46]",57.46666666666667
"[14687.78, 30817.34, 17722.72]",21075.946666666667
